Profile Name,Title Name,Country,Utc Title Add Date
Coco,Ginny & Georgia,United Kingdom,2023-06-10
Coco,Stranger Things,United Kingdom,2023-06-10
Coco,Wednesday,United Kingdom,2023-06-10
Emily,WWII in Color: Road to Victory,United Kingdom,2023-02-01
Emily,The Disastrous Life of Saiki K.: Reawakened,United Kingdom,2022-09-07
Emily,Bohemian Rhapsody,United Kingdom,2022-06-25
Emily,Heartstopper,United Kingdom,2022-05-15
Emily,The Big Bang Theory,United Kingdom,2022-02-01
Emily,Stranger Things,United Kingdom,2021-09-02
Emily,Cobra Kai,United Kingdom,2021-09-02
Emily,Schitt's Creek,United Kingdom,2021-04-06
Emily,Scorpion,United Kingdom,2021-03-01
Emily,A Series of Unfortunate Events,United Kingdom,2020-12-27
Emily,Sherlock,United Kingdom,2020-12-27
Emily,Doctor Who,United Kingdom,2020-12-27
Emily,Enola Holmes,United Kingdom,2020-10-09
Emily,The Fresh Prince of Bel-Air,United Kingdom,2020-09-22
Emily,Stranger Things,United Kingdom,2020-07-12
Emily,The Divergent Series: Insurgent,United Kingdom,2020-05-23
Emily,Spirit Riding Free: Riding Academy,United Kingdom,2020-03-28
Emily,The Adventures of Tintin,United Kingdom,2020-03-28
Emily,Teen Titans Go!,United Kingdom,2020-03-28
Emily,Henry Danger,United Kingdom,2020-03-20
Emily,Friends,United Kingdom,2020-03-07
Emily,Hotel Transylvania,United Kingdom,2020-02-21
Emily,The InBESTigators,United Kingdom,2020-01-06
Emily,Sugar Rush,United Kingdom,2019-08-09
Emily,Alexa & Katie,United Kingdom,2019-02-05
Emily,Brain Games,United Kingdom,2019-02-05
Emily,If I Were an Animal,United Kingdom,2019-01-12
Emily,Fuller House,United Kingdom,2018-12-13
Emily,Project Mc²,United Kingdom,2018-10-22
Фйж,Never Have I Ever,United Kingdom,2023-05-13
Фйж,Never Have I Ever,United Kingdom,2023-04-19
Фйж,Supernatural Academy,United Kingdom,2023-04-15
Фйж,Dance 100,United Kingdom,2023-03-16
Фйж,How to Change Your Mind,United Kingdom,2022-07-07
Фйж,Stranger Things,United Kingdom,2021-11-15
Фйж,The Princess Switch 3: Romancing the Star,United Kingdom,2021-11-15
Фйж,Family Reunion,United Kingdom,2021-08-22
Фйж,Family Reunion,United Kingdom,2021-07-21
Фйж,Trollhunters: Rise of the Titans,United Kingdom,2021-05-22
Фйж,Jurassic World Camp Cretaceous,United Kingdom,2021-05-14
Фйж,Dog Gone Trouble,United Kingdom,2021-05-09
Фйж,Trollhunters: Rise of the Titans,United Kingdom,2021-05-09
Фйж,The Christmas Trap,United Kingdom,2020-07-09
Фйж,Spirit Riding Free: Riding Academy,United Kingdom,2020-04-02
Фйж,Pokémon the Series: Sun & Moon,United Kingdom,2020-03-29
Фйж,Spirit Riding Free: Riding Academy,United Kingdom,2020-03-29
Фйж,Teen Titans Go!,United Kingdom,2020-03-29
Фйж,Miraculous: Tales of Ladybug & Cat Noir,United Kingdom,2020-02-08
Фйж,Zapped,United Kingdom,2019-01-08
